{
    "pizzas":[
    
    { 
    "id": 1,
    "nome": "Calabresa",
    "desc": "massa de tomate, queijo parmesão, orégano, linguiça calabresa, cebola",
    "valor": 55.00
    },
    { 
    "id": 2,
    "nome": "Quatro queijos",
    "desc": "massa de tomate, queijo parmesão, queijo cheddar, queijo gorgonzola, queijo italiano",
    "valor": 55.00
    },
    { 
    "id": 3,
    "nome": "Frango e Catupiry",
    "desc": "massa de tomate, queijo catupiry, frango desfiado",
    "valor": 55.00
    },
    { 
    "id": 4,
    "nome": "Milho e  Bancon",
    "desc": "massa de tomate, queijo parmesão, orégano, bacon, cebola, milho",
    "valor": 55.00
    },
     { 
    "id": 5,
    "nome": "Mussarela",
    "desc": "massa de tomate, queijo mussarela, orégano",
    "valor": 55.00
    }
    
    
    ]
    
}